REF	7	1	1.4094976892371684,-1.9566436336191753,0.3810428074238546;0.9317211065701401,-1.9986504421520503,0.8778299175765765;0.8258160834213913,-1.6738869883561134,-0.013866697436654807;1.3120563553626194,-1.381316598067949,0.3406272230510226;1.0856945247559795,-2.089738665847981,0.34520112558333577;0.9515380148229527,-2.070139699902771,0.6347941508820877	10.224366838287626,11.939652857027454,6.286536644404444,6.001670588177268,10.38940325258132,11.088235803856719	1.1813249865317117,-1.5096716882522112,0.24291686017388808	0.3352696019824501	0.9581169244325932,0.2039005314426818,-0.08687705899350646,0.2039005314426818,1.407427364555064,-0.27085547919618386,-0.08687705899350646,-0.27085547919618386,1.0206478099453442
REF	7	2	1.3148155871029572,-1.7392060547457278,0.581089817265157;1.489442332941365,-1.8045168890448735,0.5587141615259377;1.5490581268796955,-0.8950980703697531,-0.1549203215883696;1.4859567970594973,-1.7861483195314283,0.1521406989068384;1.24667493212454,-1.4476505369029573,0.13306751586221402;1.73095659627704,-1.4636651735237645,0.07034555282106192	9.129076932734307,9.979646926012718,4.097983415775517,8.681306410512656,5.816410395489529,7.300636205774502	1.4772673697869179,-1.0969064349414035,-0.055309593855983885	0.4237360988768423	0.9524560964069805,0.2731986475915106,-0.13313300272435524,0.2731986475915106,1.4920822540313623,-0.3529019295485626,-0.13313300272435524,-0.3529019295485626,1.0212641001738676
REF	7	3	1.4536159831802864,-1.9164412865849836,-0.6010267263001248;2.1269968502952543,-1.2218057924964723,-0.3720047641894415;2.0914660552612876,-0.8686915598132678,-0.5322316969844822;2.2811306733772945,-1.1216862722542071,-0.7588744333381973;1.3778223886113623,-0.7481873341074234,-0.2169723572629928;1.1473372994122664,-2.345321084746659,0.3461288332212544	10.903426339320387,8.063284568640366,7.016562629591755,10.023478958047306,3.2062711236613053,12.79666553648555	1.6396298174260995,-0.8196048638773186,-0.31883834056929317	0.5057731975012892	0.8942985915889727,0.31592938599115106,-0.19704189512224307,0.31592938599115106,1.4594897268119364,-0.44057448487987244,-0.19704189512224307,-0.44057448487987244,1.0004634106973462
REF	7	4	2.189032599084846,-0.7072392947473738,-0.5918352036291563;1.4107625066609732,-0.48233812842493623,-0.9391883623694016;2.247720273491286,-0.5843233155136426,-0.08696183024493481;1.0633199305983279,-1.2692509708766846,-0.10854374498254016;1.3223915828992523,-0.8151348645313806,-0.30705077161148653;2.1512729023958865,-1.1847632574461484,-0.2256973522542226	7.19331419294474,5.983850110505767,5.765363341647648,4.399772307249784,3.454729898660811,7.639060232229905	1.321201394706525,-0.9262701373851596,-0.23330942638772634	0.4748025132187379	0.8276424949013819,0.2714924011479639,-0.16252839030848612,0.2714924011479639,1.2777126669557017,-0.39016991136458723,-0.16252839030848612,-0.39016991136458723,0.8719163261561375
REF	7	5	1.0826896126116163,-1.5442358430518863,-0.35617781486949707;1.4290477997099782,-1.7780997890967427,0.14746676749205562;1.8136132032667032,-0.9276526005381159,-0.3480177179706159;1.2946202986024387,-1.098577440609638,0.2715679404992035;0.45255883136003194,-0.1990774621681326,-0.011954576384920507;1.1837882491242815,-1.0400064559837172,0.2379808179641139	6.448996018410272,8.452441123885915,5.4947368737194715,4.3847830888142285,0.284644815314738,3.79112095461583	0.7266517915148004,-0.508890101338445,0.08139413123214667	0.5662697625504659	1.12535618409295,-0.05602096672151513,-0.29822092899484504,-0.05602096672151513,1.3139130971890316,-0.23249384190865127,-0.29822092899484504,-0.23249384190865127,0.8273494096878752
REF	7	6	1.0001648146683038,0.10073202098782597,-0.4378450281290893;0.3152811832878032,-0.4285349644990337,0.4650930314416105;-0.3297759848985339,-0.27171517278888757,-0.26033210983540345;1.111505647919036,-0.5774106770350511,-0.11038681120453231;1.828983651345033,-0.96808890759484,0.12293875953646187;0.8322914090065668,-1.0722279783016004,0.3565462995678596	1.787456611234518,1.3319327677139212,0.5275017001085984,1.9509919776156883,5.280029217289206,3.5005557193537467	-0.04196160318339803,-0.2871463393007146,-0.06781242616811575	0.7222829685369939	1.6942485809725985,-0.3271708678242239,-0.23474997116845278,-0.3271708678242239,1.2504881314912901,-0.20981292939441232,-0.23474997116845278,-0.20981292939441232,0.731321036318057
REF	42	1	1.124415925129459,-1.8041956333544171,0.23243413591167278;1.3980500688442317,-1.4811220736187796,-0.0650250366708448;1.1636861308548594,-2.49705073825988,0.1758761135052378;0.7013933058987196,-2.533654427317576,0.5235228248856434;0.6563144710781448,-2.0434467575919446,0.5781351617330814;1.2593955199741838,-2.638605987520852,0.5180663604993307	7.990657449663053,6.3589022104931265,13.948419819239207,14.427066676396418,10.119059048101192,16.584131206016913	1.2620393747466936,-1.617138241024663,0.07003850530724293	0.3469055038737974	1.0347106807277517,0.23761385330247792,-0.2659849004562207,0.23761385330247792,1.2018852528863884,-0.3782008311171555,-0.2659849004562207,-0.3782008311171555,1.2875654662836977
REF	42	2	1.803029456741521,-2.066613245190091,0.1919549464157845;1.6138350546469007,-1.4571070854426726,-0.040992133065856445;0.5730970168187763,-1.561551349313576,-0.19711993627479113;1.3639506998944746,-1.7187883031754605,-0.18007652315602718;1.3927051106631303,-1.6312751348588046,0.2686739276220246;1.3394164381263336,-2.0810325503110185,0.15148847062306298	11.94008263808181,6.8575071203948,5.360750500880592,7.898538190776037,7.550487374019804,10.547224372557856	0.93350686823713,-1.5372950685785722,-0.11617834371295604	0.3764955587572422	1.0530731280985786,0.1315253514126748,-0.09037767942607888,0.1315253514126748,1.1412928742509156,-0.4788713728851234,-0.09037767942607888,-0.4788713728851234,1.3464179407260928
REF	42	3	1.7174076620166696,-1.67551178146911,0.3988310210375871;1.078962249181043,-1.9365230034276402,0.22370835012227486;0.4013696593739763,-1.475729703045722,-0.4720217474352761;1.3045131650845994,-2.2869311011596727,0.5201110326390401;0.85442389892684,-1.9949025703144434,-0.16210553269405079;0.5135715834130204,-2.4129711993100633,0.2046428552563757	9.20043327060468,8.864583924424352,5.407872036576217,13.24392426587322,8.794425544071776,12.076130581518976	0.5834099873798044,-1.6595911429197152,-0.32929249607189875	0.41682607624756385	1.180885633722955,0.1050622162579158,0.15883556155264117,0.1050622162579158,1.0063749712115058,-0.4228615473889435,0.15883556155264117,-0.4228615473889435,1.3737487333935978
REF	42	4	1.5667388195359433,-1.1646074553392756,0.30429826457712145;0.3900454658320963,-1.7952323634134175,-0.44089391473970957;0.4754335855871748,-0.9101909332978227,-0.4602866243272027;1.1065982553137914,-1.6963447040251927,0.2154663947299817;0.4866205842724739,-1.5827870489558937,-0.5356514546480473;0.7377590238404073,-1.7953810403095933,-0.17884676981574993	5.537681314003118,7.375403718928052,2.7303872705575265,7.1654334774439095,6.394919201188975,7.119019205358377	0.7868635141379581,-1.0353132154194085,-0.24861614152438874	0.45391419805260425	1.083286187860639,0.10270219254061842,0.18030961804082357,0.10270219254061842,1.3271120769750113,-0.427417819144766,0.18030961804082357,-0.427417819144766,1.2280318355013444
REF	42	5	0.28611314187923587,-1.6796340466361641,-0.6514318218812659;0.9206152199241302,0.12040970029652387,-0.7651862623174649;0.4919200928795174,-0.5434182239123972,3.5626937091373656E-4;-0.1345989995881096,-1.1843969848834601,0.8794952194261411;1.142442251878292,-0.8973187856053572,-0.22518530820778906;0.5846538085491662,-0.6736710880818977,-0.32390655557367026	7.4216554654329405,3.218569439164441,0.8325926176502603,5.917756690265927,3.1183699970078367,1.6691473726603374	0.5693019421461961,-0.608225578961089,-0.10959885248276441	0.527686302796073	0.9889866882974623,-0.05777807045987879,0.13363551008776742,-0.05777807045987879,1.5931898045265909,-0.3094277344911067,0.13363551008776742,-0.3094277344911067,1.073940771701301
REF	42	6	0.24976164929655031,0.6933438838796714,-0.3636548265756182;0.9156017564685227,-0.6059690353241688,0.22051002337466413;1.006281126018422,-0.5343497087089704,0.09188488994314159;1.0665054518736776,-1.0614120107520688,-0.06823967450581195;0.44992328175659135,-1.268275148237107,-0.1459672992289473;0.05452390840152743,-1.4819371818551228,-0.3244314377482858	1.5528116956529994,1.767222201626431,1.6174322589750791,3.409251404720414,3.504700472515105,4.816271509714464	0.5172379140972955,0.2421293377848024,-0.18823074200001294	0.6651591159113336	0.8881351452567966,-0.20192609220057278,0.13079485819719708,-0.20192609220057278,2.3826537648172543,-0.3213491830274064,0.13079485819719708,-0.3213491830274064,0.9370528896462545
