case_id	status	objective	residual	iterations	callbacks	residual_calls	jacobian_calls	median_ms	times_ms	x
lm-exp-64	Converged	1.449814844104315E-24	9.269302095021265E-12	5	12	6	6	0.234916	0.266875,0.206208,0.265,0.169834,0.172792,0.234916,0.237458,0.209583,0.190208,0.256125,0.256584	1.9999999999993632,0.34999999999982695
lm-exp-offset-256	Converged	0.0063743464937843376	3.8251745922233266E-10	7	15	8	7	0.240166	0.245542,0.249042,0.236417,0.23875,0.240166,0.234292,0.238083,0.24675,0.243791,0.235,0.263791	2.0002270760923384,0.3500430549244299,0.19999027784793655
lm-rosenbrock	Converged	4.881020994046851E-19	5.676098484273697E-10	19	37	20	17	0.071167	0.075708,0.076709,0.071167,0.070042,0.070708,0.072541,0.071125,0.071166,0.071167,0.07125,0.070708	0.9999999990121929,0.9999999980222849
lm-scaled-linear-8	Converged	2.1034236480619635E-29	4.04121180963557E-11	4	10	5	5	0.133209	0.133209,0.1325,0.160333,0.136292,0.133292,0.135875,0.140583,0.129791,0.131292,0.131667,0.129584	9999.999999999987,719.6856730011511,51.794746792312054,3.7275937203149363,0.2682695795279723,0.01930697728883251,0.001389495494373137,9.999999999999986E-5
lm-rank-deficient-3	Converged	0.0015846826474571825	9.480745875867225E-10	3	8	4	4	0.037333	0.036958,0.037083,0.089208,0.03775,0.03625,0.037333,0.046792,0.037583,0.036458,0.038917,0.03675	1.4999247214189417,0.7499623607094718,0.3999544886981505
box-diagonal-16	Converged	83.8233735324118	1.4932499681208355E-11	6	14	0	0	0.103708	0.152333,0.107958,0.137,0.103708,0.102292,0.096625,0.104375,0.104417,0.09575,0.098917,0.096625	0.41767137355616735,0.5,0.5,0.5,0.5,0.5,0.5,0.5,0.5,0.5,0.5,0.5,0.5,0.5,0.5,0.3621949599487823
box-diagonal-512	Converged	3349.7635334262427	9.663877401343621E-9	300	317	0	0	62.066666	61.703791,65.534542,60.9985,60.848542,62.066666,63.275625,62.123875,62.864667,61.959292,68.376583,61.256875	0.4176713687315387,0.5,0.5,0.5,0.5,0.5,0.5,0.5,0.5,0.5,0.5,0.5,0.5,0.5,0.5,0.36219496425310926,0.1752569499248728,-0.017967566755903476,-0.2123394559211884,-0.40266637878097034,-0.5,-0.5,-0.5,-0.5,-0.5,-0.5,-0.5,-0.5,-0.5,-0.5,-0.5,-0.5,-0.5,-0.5,-0.5,-0.3333082152006907,-0.14296284175273988,0.04899654493865703,0.23741872463052993,0.417280134315557,0.5,0.5,0.5,0.5,0.5,0.5,0.5,0.5,0.5,0.5,0.5,0.5,0.5,0.4777628172562263,0.3179421079629834,0.153027364084514,-0.012145281240570727,-0.17278247215137985,-0.32427220017808733,-0.46231653952983315,-0.5,-0.5,-0.5,-0.5,-0.5,-0.5,-0.5,-0.5,-0.5,-0.5,-0.465245438353294,-0.33709995483461636,-0.19951185190062742,-0.056904684313987736,0.0861621499543895,0.22513027721864598,0.355579009077568,0.47335779679099743,0.5,0.5,0.5,0.5,0.5,0.5,0.5,0.5,0.5,0.4382452771917139,0.3128080307503266,0.17444278496619722,0.027326415668462996,-0.12406691288780113,-0.2750975557612304,-0.4210974701292125,-0.5,-0.5,-0.5,-0.5,-0.5,-0.5,-0.5,-0.5,-0.5,-0.5,-0.5,-0.5,-0.43793955379092075,-0.2768462246244668,-0.10453346270472377,0.07430250131543686,0.2547349519948943,0.43174595365123664,0.5,0.5,0.5,0.5,0.5,0.5,0.5,0.5,0.5,0.5,0.5,0.5,0.5,0.5,0.4320733564837539,0.24337965353714142,0.04790835412783348,-0.14916520498242936,-0.3426168179683062,-0.5,-0.5,-0.5,-0.5,-0.5,-0.5,-0.5,-0.5,-0.5,-0.5,-0.5,-0.5,-0.5,-0.5,-0.5,-0.3660436047166209,-0.18294464080246223,0.0019093951074123994,0.18345908971592848,0.35677957384687786,0.5,0.5,0.5,0.5,0.5,0.5,0.5,0.5,0.5,0.5,0.5,0.5,0.5,0.4137390338105641,0.2621040689345482,0.1063915947906714,-0.048674676410836615,-0.19843455169993954,-0.3384280040205135,-0.46452547695487445,-0.5,-0.5,-0.5,-0.5,-0.5,-0.5,-0.5,-0.5,-0.5,-0.4798174148560277,-0.3607265223335337,-0.22960438285304918,-0.0906643286546644,0.05164042818621289,0.19275059630536576,0.32813776604301076,0.4534405304801607,0.5,0.5,0.5,0.5,0.5,0.5,0.5,0.5,0.5,0.5,0.41629673760525654,0.2790924793225587,0.12965635339593062,-0.02767396319493332,-0.1882829618965241,-0.3474113311043042,-0.5,-0.5,-0.5,-0.5,-0.5,-0.5,-0.5,-0.5,-0.5,-0.5,-0.5,-0.5,-0.5,-0.4949868656150337,-0.32613067659623657,-0.14576302277664904,0.041300173072852255,0.23001981556277779,0.4152746379472096,0.5,0.5,0.5,0.5,0.5,0.5,0.5,0.5,0.5,0.5,0.5,0.5,0.5,0.5,0.49656136376279275,0.30961166581174665,0.11541773395414648,-0.08085265816285904,-0.27398699502195056,-0.4588729054239332,-0.5,-0.5,-0.5,-0.5,-0.5,-0.5,-0.5,-0.5,-0.5,-0.5,-0.5,-0.5,-0.5,-0.5,-0.3705981520235281,-0.19652375567786165,-0.020872188669777445,0.15141547572893024,0.3155430822735464,0.4669956043528411,0.5,0.5,0.5,0.5,0.5,0.5,0.5,0.5,0.5,0.5,0.5,0.46371402804303263,0.3255854661458798,0.1801312353633716,0.0319323165457094,-0.11438077664314215,-0.2542658236121555,-0.383403766875857,-0.49782669096996307,-0.5,-0.5,-0.5,-0.5,-0.5,-0.5,-0.5,-0.5,-0.5,-0.39493554721300195,-0.2682600446203871,-0.13097684320426134,0.012604655991908175,0.15796298173354442,0.300499565057333,0.43567624857684084,0.5,0.5,0.5,0.5,0.5,0.5,0.5,0.5,0.5,0.5,0.5,0.42532508915432266,0.27656997190531923,0.1159057649476821,-0.0521682108060453,-0.22288983255586664,-0.39137045967683487,-0.5,-0.5,-0.5,-0.5,-0.5,-0.5,-0.5,-0.5,-0.5,-0.5,-0.5,-0.5,-0.5,-0.5,-0.3910549635066987,-0.20558151716405215,-0.01301755300005558,0.18151957378410805,0.3728363062174904,0.5,0.5,0.5,0.5,0.5,0.5,0.5,0.5,0.5,0.5,0.5,0.5,0.5,0.5,0.5,0.36313194781739105,0.17352010828678813,-0.018528398605413544,-0.20785525680655317,-0.3894070587017295,-0.5,-0.5,-0.5,-0.5,-0.5,-0.5,-0.5,-0.5,-0.5,-0.5,-0.5,-0.5,-0.5,-0.5,-0.34386152980738044,-0.17943516600767168,-0.013979903227296081,0.14769471421188385,0.3009387109379176,0.4413956072226039,0.5,0.5,0.5,0.5,0.5,0.5,0.5,0.5,0.5,0.5,0.48450193347587817,0.3582526272579211,0.22187765255623962,0.07976649196742427,-0.0635339808107522,-0.20345602584669203,-0.33554800124133966,-0.45560775417327537,-0.5,-0.5,-0.5,-0.5,-0.5,-0.5,-0.5,-0.5,-0.5,-0.45677313102960165,-0.3337541622641583,-0.19717771881228843,-0.051161715053221674,0.09985840000273574,0.2512602474723748,0.39837102828688215,0.5,0.5,0.5,0.5,0.5,0.5,0.5,0.5,0.5,0.5,0.5,0.5,0.46226629990876716,0.30337103731050785,0.13253858567670734,-0.04558397028594774,-0.22609743671466628,-0.4039889019478611,-0.5,-0.5,-0.5,-0.5,-0.5,-0.5,-0.5,-0.5,-0.5,-0.5,-0.5,-0.5,-0.5,-0.5,-0.46116503988399293,-0.2740177144584236,-0.07928265120123922,0.11788594917554762,0.3122619395985832,0.49869235886055496,0.5,0.5,0.5,0.5,0.5,0.5,0.5,0.5,0.5,0.5,0.5,0.5,0.5,0.5,0.39470589295123654,0.21235498201092096,0.027440240612817857,-0.15497059954764356,-0.32992182492487043,-0.4927089497138485,-0.5,-0.5,-0.5,-0.5,-0.5,-0.5,-0.5,-0.5,-0.5,-0.5,-0.5,-0.5,-0.43720168874350607,-0.286649121924244,-0.13127009844542598,0.024214382395997505,0.17512475340934486,0.316960173427298,0.44553010211792393,0.5,0.5,0.5,0.5,0.5,0.5,0.5,0.5,0.5,0.49741202717734223,0.38060357681642687,0.2511235380032683,0.11313510477700707,-0.028937895908261617,-0.1705439308875775,-0.30714048961912604,-0.4343306066549867,-0.5,-0.5,-0.5,-0.5,-0.5,-0.5,-0.5,-0.5,-0.5,-0.5
box-rotated-32	Converged	551.4038299911995	9.078322982247755E-9	45	57	0	0	1.02275	1.045083,1.02275,1.039125,1.020167,1.012917,1.108834,1.013791,1.02425,1.029333,1.0195,1.012833	0.2902044988882023,0.5,0.5,-0.10053047728659689,0.5,0.5,0.5,0.5,0.5,0.5,0.5,0.5,-0.5,0.5,-0.10582065628437964,0.28905264394907243,0.5,-0.17527193607850833,0.5,-0.5,-0.5,-0.5,-0.5,-0.3066614577305088,0.018640934196716315,-0.5,0.02408028990795068,-0.5,-0.5,-0.5,-0.5,-0.36400964123588275
box-rosenbrock-2	Converged	0.03999999999999998	0.0	30	45	0	0	0.1775	0.1775,0.177125,0.178542,0.174416,0.179333,0.173417,0.18,0.177,0.176,0.179166,0.177708	0.8,0.6400000000000001
box-logistic-1024-16	Converged	0.6549480488866976	4.488804505181632E-9	4	5	0	0	0.18875	0.189375,0.18625,0.362166,0.192833,0.18875,0.202375,0.193,0.180209,0.181584,0.181916,0.1805	0.07792485269025635,0.06778791094441443,0.1414979879430328,0.15,0.15,0.15,0.15,0.15,0.15,0.15,0.15,0.15,0.15,0.15,0.15,0.09740031035870081
