platform,id,method,before_ms,after_ms,python_ms,qualified,iterations,callbacks,metric
jvm,diag-quadratic-n16-k1e3,LBFGS,0.380208,0.593584,4.293583,True,206,239,8.901451852106102e-08
jvm,diag-quadratic-n512-k1e3,LBFGS,8.975167,12.357667,20.788417,True,338,364,7.376436871600568e-08
jvm,box-diag-quadratic-n16-k1e3,AcceleratedProximalGradient,0.80025,2.449208,0.304458,True,426,2133,9.14335120394405e-08
jvm,rotated-quadratic-n32-k1e3,LBFGS,0.56675,0.776666,6.02975,True,255,278,4.8982171821583e-08
jvm,rosenbrock-n2,LBFGS,0.022375,0.03025,1.248833,True,34,64,6.645228516977393e-08
jvm,rosenbrock-n32,LBFGS,0.345459,0.493125,6.944083,True,193,235,5.982057205796896e-08
jvm,logistic-l2-m1024-n16,LBFGS,0.183083,0.244125,0.3725,True,4,5,1.0047739037761117e-08
jvm,lasso-m256-n32,AcceleratedProximalGradient,0.432625,0.477667,0.311167,True,22,107,9.168550184346369e-08
jvm,lasso-m1024-n128,AcceleratedProximalGradient,2.8055,3.591875,1.452458,True,21,94,7.683920325712856e-08
jvm,lm-exp-64,LM,0.244916,0.340291,0.151917,True,5,12,9.269568867065806e-12
jvm,lm-exp-offset-256,LM,1.165875,0.574042,0.264084,True,7,15,3.825170297020895e-10
jvm,lm-rosenbrock,LM,0.118375,0.120417,0.251709,True,19,37,5.676098484273697e-10
jvm,lm-scaled-linear-8,LM,0.130459,0.188541,0.08025,True,4,10,4.04121180963557e-11
jvm,lm-rank-deficient-3,LM,0.106667,0.063,0.070792,True,3,8,9.480737395779933e-10
jvm,box-diagonal-16,L-BFGS-B,0.303375,0.172708,0.272125,True,6,14,1.4932499681208355e-11
jvm,box-diagonal-512,L-BFGS-B,134.86,87.26475,12.23825,False,300,317,9.663877401343621e-09
jvm,box-rotated-32,L-BFGS-B,0.949791,0.795167,0.93525,False,45,57,9.078337415147075e-09
jvm,box-rosenbrock-2,L-BFGS-B,0.209125,0.201,0.810667,True,30,45,0.0
jvm,box-logistic-1024-16,L-BFGS-B,0.202291,0.86,0.360166,True,4,5,4.488804501712185e-09
node,diag-quadratic-n16-k1e3,LBFGS,0.60475,0.865083,4.293583,True,206,239,8.901451852106102e-08
node,diag-quadratic-n512-k1e3,LBFGS,14.71325,20.152667,20.788417,True,338,364,7.376436871600568e-08
node,box-diag-quadratic-n16-k1e3,AcceleratedProximalGradient,1.907041,2.5535,0.304458,True,426,2133,9.14335120394405e-08
node,rotated-quadratic-n32-k1e3,LBFGS,1.442084,1.905375,6.02975,True,255,278,4.8982171821583e-08
node,rosenbrock-n2,LBFGS,0.046541,0.086375,1.248833,True,34,64,6.645228516977393e-08
node,rosenbrock-n32,LBFGS,0.994375,1.189042,6.944083,True,193,235,5.982057205796896e-08
node,logistic-l2-m1024-n16,LBFGS,0.246875,0.347042,0.3725,True,4,5,1.0047739035592713e-08
node,lasso-m256-n32,AcceleratedProximalGradient,0.714417,0.865583,0.311167,True,22,107,9.168550189897484e-08
node,lasso-m1024-n128,AcceleratedProximalGradient,6.426792,7.467624,1.452458,True,21,94,7.683920325018967e-08
node,lm-exp-64,LM,0.18625,0.199334,0.151917,True,5,12,9.269568867065806e-12
node,lm-exp-offset-256,LM,0.571541,0.450417,0.264084,True,7,15,3.825170297020895e-10
node,lm-rosenbrock,LM,0.055334,0.07425,0.251709,True,19,37,5.676098484273697e-10
node,lm-scaled-linear-8,LM,0.064124,0.074583,0.08025,True,4,10,4.04121180963557e-11
node,lm-rank-deficient-3,LM,0.06396,0.058666,0.070792,True,3,8,9.480887862983733e-10
node,box-diagonal-16,L-BFGS-B,0.158458,0.198708,0.272125,True,6,14,1.4932499681208355e-11
node,box-diagonal-512,L-BFGS-B,148.994834,136.8735,12.23825,False,300,317,9.663877401343621e-09
node,box-rotated-32,L-BFGS-B,1.532833,1.768666,0.93525,False,45,57,9.078337415147075e-09
node,box-rosenbrock-2,L-BFGS-B,0.213834,0.335167,0.810667,True,30,45,0.0
node,box-logistic-1024-16,L-BFGS-B,0.266125,0.379708,0.360166,True,4,5,4.488804501712185e-09
