case_id	method	status	objective	residual	iterations	callbacks	median_ms	times_ms	x
diag-quadratic-n16-k1e3	LBFGS	Converged	1.2951366118406925e-15	8.901451852106102e-8	206	239	0.865083	0.879458,0.85375,0.856958,0.867458,0.860375,0.856875,0.857583,0.88,0.88275,0.880458,0.865083	0.4176713992981915,0.5774614539530276,0.7246878496616501,0.8549809525686584,0.9644115425427412,1.0496060792948412,1.1078466320413893,1.1371523888813868,1.1363404109554105,1.1050638393980778,1.0438263672840125,0.953972513844939,0.837653967717478,0.6977728482727954,0.5379034952645192,0.36219495987286404
diag-quadratic-n512-k1e3	LBFGS	Converged	6.920171517096007e-15	7.376436871600568e-8	338	364	20.152667	20.113042,20.152667,20.171542,20.322,19.763333,20.310959,20.095,20.105458,20.688,19.845875,20.377709	0.4176713554105164,0.5774614535541983,0.7246878437965525,0.8549809543216382,0.9644115460977308,1.049606081739721,1.1078466270917127,1.1371523734059403,1.1363403915051957,1.1050638221779887,1.0438263522458235,0.9539725047221963,0.8376539647298753,0.6977728504142646,0.5379035001984878,0.3621949653067466,0.17525695175032974,-0.017967567075198424,-0.21233946114137672,-0.40266639012222094,-0.58384752712983,-0.7510159474905996,-0.8996746338647477,-1.025822228719201,-1.1260649557849396,-1.197711525344665,-1.2388483227341243,-1.2483927414041065,-1.2261231451566845,-1.172684610853228,-1.0895702938595986,-0.9790789539138514,-0.8442498590159437,-0.688776929834444,-0.5169045784998063,-0.33330821654313975,-0.14296284220966096,0.04899654504977686,0.23741872508678993,0.417280138842424,0.5838247791952875,0.7326961174621123,0.860057324786528,0.9626963873884414,1.0381131516524347,1.0845858566916982,1.1012153032852112,1.0879454519046525,1.0455599203725443,0.9756545440028241,0.8805868479398395,0.7634039430678662,0.6277509742840472,0.4777628053681981,0.3179421021944885,0.15302736191590505,-0.012145281035766991,-0.17278246883853451,-0.32427219395398954,-0.4623165328721959,-0.5830547159700795,-0.6831729954935539,-0.7599981615201175,-0.8115720342153123,-0.8367048158850124,-0.8350058021588713,-0.8068906102869832,-0.7535647649315756,-0.6769841682488144,-0.5797936516347123,-0.4652454418693855,-0.33709995617587446,-0.19951185210651065,-0.056904684414397444,0.08616215014311308,0.22513027727036686,0.35557900754616073,0.4733577933762529,0.5747106011798525,0.6563885561779205,0.7157475595298998,0.7508280157267537,0.760414329400245,0.7440724199576446,0.7021641426373764,0.6358381771708782,0.5469976307565204,0.4382452806543145,0.3128080337431557,0.1744427869579365,0.027326416064263833,-0.12406691502592283,-0.2750975597301006,-0.42109747503397316,-0.5575085960542043,-0.6800184636667712,-0.784689144018136,-0.8680756676322,-0.9273305141500382,-0.9602910679356818,-0.9655474583779358,-0.9424887626564353,-0.8913261717801261,-0.8130923848952883,-0.709617183049383,-0.5834798219941392,-0.43793955435078846,-0.27684622517656926,-0.10453346335587321,0.07430250242944361,0.25473495477177677,0.4317459565166809,0.6003687959437591,0.7558295282652134,0.893683552680484,1.0099433001839533,1.101193356283065,1.1646896976574732,1.1984401724318774,1.2012638872423422,1.1728277653521157,1.113659191473929,1.0251343419820949,0.909442494236077,0.7695272958217503,0.6090066339065622,0.43207335765001004,0.24337965509787385,0.047908354448063496,-0.14916520546496362,-0.34261681994835236,-0.527318504378679,-0.6983809052200852,-0.8512889959899123,-0.9820272096362761,-1.0871904605889662,-1.1640779130637748,-1.2107668454522729,-1.2261645296421146,-1.2100366725378595,-1.1630116368357253,-1.086560350008853,-0.9829525046135684,-0.8551903295031257,-0.7069218509185813,-0.5423361463737922,-0.3660436060177714,-0.1829446410780711,0.0019093951009037555,0.18345909032271643,0.356779574932801,0.5172187695052273,0.6605273382474369,0.7829766518786144,0.8814614140272208,0.9535840512843609,0.9977184960289022,1.013051587715298,0.9996009652550957,0.9582090017583876,0.8905130236594917,0.7988927392218353,0.686396456923592,0.5566482833911118,0.4137390358374388,0.2621040696904827,0.10639159487396502,-0.048674676666441596,-0.19843455182025307,-0.33842800323505823,-0.46452547500615365,-0.5730480695698567,-0.6608741371291761,-0.7255291882785762,-0.7652565386747191,-0.7790666574598709,-0.7667638123744376,-0.728949266104447,-0.6670009612470371,-0.5830303155773422,-0.4798174152552857,-0.3607265219418949,-0.22960438230935826,-0.09066432855291298,0.05164042823089292,0.19275059550173987,0.32813776475340023,0.4534405295612265,0.5645957646718807,0.657961214399982,0.7304257902267578,0.7795043337068412,0.8034140513035833,0.8011303595830614,0.7724204769334478,0.7178537443522293,0.6387883341508039,0.5373346920833133,0.416296735532035,0.27909247837400697,0.1296563532592672,-0.02767396311535104,-0.18828296203823633,-0.34741133221337267,-0.5002947308557351,-0.6423032767564218,-0.7690777177885249,-0.8766583145279778,-0.961602685421948,-1.0210891714400339,-1.053002690424844,-1.0560005515642243,-1.0295562741543274,-0.973980085619863,-0.8904154434846742,-0.7808116154003091,-0.6478730406176703,-0.4949868655729105,-0.32613067623833947,-0.14576302235089128,0.041300172985379635,0.2300198149325226,0.4152746368291393,0.5920049851036817,0.7553552906325802,0.9008111602297982,1.0243271708789063,1.1224417107521747,1.1923755776004876,1.2321115062914028,1.2404523398960552,1.2170561671693747,1.162447406013952,1.0780034986839357,0.9659175803924842,0.8291381687202606,0.6712875771697637,0.4965613635767584,0.3096116654141103,0.11541773369038436,-0.08085265811782312,-0.2739869943489147,-0.458872904407397,-0.6306400451490157,-0.7847949546322802,-0.9173450566157315,-1.0249083076141687,-1.1048053911536166,-1.1551318652718907,-1.1748082448470734,-1.1636066333314585,-1.122153190587397,-1.0519064153831459,-0.9551119128897966,-0.8347349894921943,-0.6943730502076777,-0.5381503498223585,-0.3705981508520204,-0.19652375504959826,-0.020872188494459817,0.1514154755496516,0.31554308243229473,0.4669956046969851,0.601666691493601,0.7159739129603123,0.8069584147215455,0.8723661531591104,0.9107084187749117,0.9212999569868126,0.9042736455292534,0.8605713665837132,0.791911400496775,0.7007333467742567,0.5901222273240994,0.4637140276460075,0.3255854662450916,0.1801312355792528,0.0319323165798612,-0.11438077678776937,-0.25426582360228867,-0.38340376647834973,-0.4978266903879472,-0.5940351783042226,-0.669101624868479,-0.7207565006084213,-0.7474550571828376,-0.7484225346612826,-0.7236765589199361,-0.6740260827305488,-0.6010469082675775,-0.5070345111864685,-0.3949355473623016,-0.2682600443010157,-0.1309768427867321,0.012604655898934324,0.15796298083363763,0.30049956407799505,0.43567624833301527,0.5591513065708603,0.6669099899236202,0.7553857745047727,0.8215687440365458,0.8630979160828152,0.8783347838651374,0.8664158883336901,0.8272828403831503,0.7616888645580038,0.671181615859882,0.5580627106058623,0.4253250891977363,0.2765699723844802,0.11590576522172366,-0.05216821087910086,-0.2228898324517005,-0.3913704592535423,-0.5527354726000102,-0.7022650203838379,-0.8355309098592055,-0.9485256919372672,-1.037780197096238,-1.1004661090038845,-1.1344805882427966,-1.1385104706675533,-1.1120741467969488,-1.055539864991097,-0.9701198760782725,-0.8578405311510743,-0.7214891350570564,-0.5645390244317704,-0.39105496344682084,-0.20558151699901747,-0.013017553005358794,0.1815195737690971,0.37283630644018856,0.5558076016801862,0.7255199648968033,0.8774087372293655,1.007385728705253,1.1119535666683298,1.1883035060030014,1.2343939171216904,1.2490072180275293,1.2317836327218026,1.183230819922877,1.1047091034145056,0.9983927305288873,0.8672082698491413,0.714751911940058,0.5451880372785374,0.3631319476874791,0.1735201082101165,-0.018528398608837152,-0.20785525703225727,-0.3894070589706734,-0.5583761014545536,-0.7103338395836933,-0.8413532091169349,-0.9481163578569679,-1.0280047470583114,-1.0791690913899639,-1.1005771872488406,-1.0920383176480528,-1.054203595701086,-0.9885422983668847,-0.8972949311075095,-0.7834044327015192,-0.6504275551149173,-0.50242901817255,-0.34386152987691854,-0.17943516609958152,-0.013979903166874861,0.14769471417418478,0.3009387108365836,0.44139560720245014,0.5651272730384499,0.6687261203197151,0.7494114165662178,0.805106963501175,0.8344979317717106,0.8370652518377388,0.8130966120631311,0.7636737925103467,0.6906367520777382,0.5965255637898933,0.4845019336492239,0.3582526271675785,0.22187765246019833,0.07976649196342675,-0.06353398082712856,-0.2034560258369203,-0.3355480010409407,-0.45560775385177704,-0.5598085319123219,-0.6448137263676205,-0.7078770867083123,-0.7469254689120904,-0.760621687476571,-0.7484056222073583,-0.7105123641810364,-0.6479668536141816,-0.5625551468767325,-0.45677313106207595,-0.333754162273733,-0.19717771881363527,-0.05116171505322729,0.09985840000267883,0.2512602474723288,0.3983710282868766,0.5366059629533864,0.6616046251315473,0.7693611882733438,0.8563447754542304,0.919606383907551,0.9568692395952452,0.9665999123808068,0.9480580753436222,0.9013234065654598,0.827298790616262,0.7276896609724204,0.6049600139874467,0.46226629990876716,0.30337103731050785,0.13253858567670734,-0.04558397028594774,-0.22609743671466628,-0.4039889019478611,-0.5742739477930289,-0.7321386086507164,-0.8730770068277706,-0.9930207098936148,-1.0884560872852642,-1.1565262819684081,-1.1951148491403645,-1.2029086352300715,-1.1794380618698508,-1.1250936241187077,-1.0411180915049996,-0.9295745949219786,-0.7932914721037563,-0.6357854095144218,-0.46116503988399293,-0.2740177144584236,-0.07928265120123922,0.11788594917554762,0.3122619395985832,0.49869235886055496,0.6722405424247762,0.8283231517520794,0.9628372355598902,1.072273721166391,1.1538141219166453,1.2054077264913752,1.2258270938797604,1.2147002979246455,1.1725190298087316,1.100622356557184,1.0011566287777196,0.8770127114832378,0.7317423584062837,0.5694561441660446,0.39470589295123654,0.21235498201092096,0.027440240612817857,-0.15497059954764356,-0.3299218249248705,-0.4927089497138485,-0.6390102452899259,-0.7650068470396204,-0.8674880301284953,-0.9439386773665585,-0.9926064790655853,-1.012546991697259,-1.0036453223045163,-0.9666138805132503,-0.9029663301680226,-0.8149685581731132,-0.7055681393018853,-0.5783043934974641,-0.43720168874346743,-0.2866491219242438,-0.13127009844542656,0.02421438239608198,0.1751247534095272,0.3169601734260984,0.4455301021185919,0.5570763404409254,0.648382003394583,0.7168642758665713,0.7606482772012844,0.7786199122117045,0.7704561994235474,0.7366322238748433,0.6784045424557147,0.5977715553596888,0.49741202717565913,0.3806035768085744,0.25112353800836995,0.11313510477034736,-0.028937895921367876,-0.1705439308734537,-0.3071404896146011,-0.4343306066637122,-0.5479951743138632,-0.64441716406913,-0.7203941091811877,-0.7733355412207038,-0.8013425101108507,-0.8032668355105655,-0.7787483282941567,-0.7282288584105028,-0.6529428184864394,-0.5548842208568233
box-diag-quadratic-n16-k1e3	AcceleratedProximalGradient	Converged	83.8233735324118	9.14334918888926e-8	426	2133	2.5535	2.568292,2.5535,2.46525,2.846625,2.609791,2.434792,2.456625,2.452792,2.414875,2.91825,2.578167	0.4176712821226582,0.5,0.5,0.5,0.5,0.5,0.5,0.5,0.5,0.5,0.5,0.5,0.5,0.5,0.5,0.36219495994879725
rotated-quadratic-n32-k1e3	LBFGS	Converged	1.2421205768168432e-15	4.8982171821582836e-8	255	278	1.905375	1.9115,2.085542,1.905375,1.92375,1.888667,1.930083,1.929708,1.88475,1.864209,1.860792,1.872875	0.41767137298481327,0.5774614613512782,0.7246878356078316,0.8549809429734012,0.964411529613532,1.049606089015054,1.1078466310646373,1.1371523908057806,1.1363404189564124,1.1050638415296827,1.0438263623601232,0.9539725276772046,0.83765396416257,0.6977728388876934,0.5379034958687854,0.3621949631027851,0.1752569541836529,-0.017967552745747867,-0.21233945655455036,-0.40266637708938896,-0.5838475090801298,-0.7510159415219919,-0.8996746250519388,-1.025822228553565,-1.1260649519812158,-1.1977115313475846,-1.2388483370637213,-1.248392751202916,-1.2261231496448854,-1.1726846274817317,-1.08957029902136,-0.9790789663335926
rosenbrock-n2	LBFGS	Converged	9.332925153521613e-18	6.645228516977393e-8	34	64	0.086375	0.089208,0.086708,0.086625,0.086375,0.086166,0.087584,0.086209,0.125208,0.064583,0.063833,0.064667	1.0000000026447828,1.0000000051366589
rosenbrock-n32	LBFGS	Converged	2.3586058136058745e-17	5.982057205796896e-8	193	235	1.189042	1.178666,1.181334,1.1635,1.173,1.18075,1.189042,1.260208,1.514458,1.663958,1.632792,1.624125	0.9999999999840653,0.9999999999637368,0.9999999999515922,0.9999999999245027,0.9999999999387363,0.9999999999400404,0.9999999999878114,1.0000000000159612,1.000000000040676,1.0000000000280245,1.0000000000023515,0.9999999999558814,0.9999999999501671,0.9999999999474363,1.0000000000099818,1.0000000000441815,1.0000000001245788,1.000000000118337,1.0000000001369598,1.0000000001026348,1.000000000072411,1.0000000000402276,0.9999999999983414,0.9999999999398268,0.9999999998991765,0.9999999998581888,0.9999999998090997,0.9999999997291549,0.9999999995425081,0.9999999990715593,0.9999999980742362,0.9999999961250992
logistic-l2-m1024-n16	LBFGS	Converged	0.6468919499996025	1.0047739001928235e-8	4	5	0.347042	0.368917,0.352791,0.351625,0.346,0.347416,0.344417,0.343958,0.347042,0.345417,0.350916,0.343416	0.07884504891069291,0.069804590439964,0.14211716789674148,0.2433451115094339,0.27301784637703996,0.2647443954230475,0.2904938440334538,0.2492113858765736,0.24435173808209726,0.33415360666745586,0.28491822591326377,0.24125943290957833,0.1747139758570309,0.17072097805505224,0.1655055926943898,0.09502658103034334
lasso-m256-n32	AcceleratedProximalGradient	Converged	0.4393878951570719	9.168550185734148e-8	22	107	0.865583	0.850958,0.851375,0.849959,0.855541,0.872459,0.868292,0.867791,0.86875,0.867083,0.865583,0.860667	0.3671254648302078,0,0,0.7698628217855608,0,0,1.0673192260352995,0,0,1.0325357765552376,0,0,0.7736148588535078,0,0,0.3028397020563992,0,0,-0.15427200453644382,0,0,-0.7023802235070027,0,0,-1.0654724407704865,0,0,-1.1905977880763954,0,0,-1.034507052613458,0
lasso-m1024-n128	AcceleratedProximalGradient	Converged	1.3985855058000392	7.68392032224341e-8	21	94	7.467624	7.5175,7.463917,7.467624,7.541167,7.437083,7.574042,7.503917,7.440084,7.412666,7.487916,7.389459	0.37430859314529663,0,0,0.8119381064647367,0,0,1.0536226590432287,0,0,1.062024193752096,0,0,0.7872376269407191,0,0,0.3154869855296309,0,0,-0.14675333292037307,0,0,-0.7058067054928645,0,0,-1.0780425012635924,0,0,-1.189958147388286,0,0,-1.0508240253586083,0,0,-0.6466981964389026,0,0,-0.08674518076453405,0,0,0.3579151666195743,0,0,0.8033274640463868,0,0,1.027764662835422,0,0,0.9942751327440914,0,0,0.709245502978928,0,0,0.28603598671475167,0,0,-0.10236599498702623,0,0,-0.5315488054702872,0,0,-0.7421878762022586,0,0,-0.7721193490742754,0,0,-0.5296955710981249,0,0,-0.13598576204311993,0,0,0.17909118295367063,0,0,0.535419177903851,0,0,0.713250077346947,0,0,0.648278821332183,0,0,0.3796861777253229,0,0,0,0,0,-0.3575021631483025,0,0,-0.7349193497008134,0,0,-0.9089436527783614,0,0,-0.8276582653372418,0,0,-0.547272912186101,0,0,-0.048844121139343145,0,0,0.3895044258939709,0,0,0.8468840541891924,0,0,1.1101118730886697,0,0,1.1153857652907033,0,0,0.859663543516658,0,0,0.3945451257679112,0
